City_ID,City,Country,Date,Lat,Lng,Max Temp,Humidity,Cloudiness,Wind Speed,Current Description
0,Kaitangata,NZ,2022-05-22 23:47:32,-46.2817,169.8464,50.14,70,97,16.51,overcast clouds
1,Bandarbeyla,SO,2022-05-22 23:45:19,9.4942,50.8122,81.27,78,82,16.6,broken clouds
2,Haines Junction,CA,2022-05-22 23:47:33,60.7522,-137.5108,60.75,21,100,10.36,overcast clouds
3,Castro,BR,2022-05-22 23:47:33,-24.7911,-50.0119,49.14,81,28,2.57,scattered clouds
4,Marawi,PH,2022-05-22 23:47:33,7.9986,124.2928,71.51,90,100,1.66,overcast clouds
5,Tasiilaq,GL,2022-05-22 23:47:34,65.6145,-37.6368,35.76,99,100,10.22,moderate rain
6,Vila Franca Do Campo,PT,2022-05-22 23:47:34,37.7167,-25.4333,68.2,95,94,2.42,overcast clouds
7,Qaanaaq,GL,2022-05-22 23:45:09,77.484,-69.3632,27.1,78,100,4.88,overcast clouds
8,Yellowknife,CA,2022-05-22 23:45:21,62.456,-114.3525,37.92,65,100,8.05,light snow
9,Owando,CG,2022-05-22 23:44:43,-0.4819,15.8999,72.0,97,100,0.85,moderate rain
10,Kahului,US,2022-05-22 23:45:13,20.8947,-156.47,87.82,40,0,18.41,clear sky
11,Puerto Narino,CO,2022-05-22 23:47:35,-3.7703,-70.3831,72.7,97,97,2.64,overcast clouds
12,Butaritari,KI,2022-05-22 23:45:36,3.0707,172.7902,82.15,78,53,12.62,broken clouds
13,Timberlake,US,2022-05-22 23:47:36,37.3207,-79.2575,73.99,90,20,4.61,few clouds
14,Mataura,NZ,2022-05-22 23:44:52,-46.1927,168.8643,47.52,76,88,7.94,overcast clouds
15,Tuktoyaktuk,CA,2022-05-22 23:45:23,69.4541,-133.0374,23.0,74,100,8.05,overcast clouds
16,Vaini,TO,2022-05-22 23:45:23,-21.2,-175.2,82.56,83,40,8.05,scattered clouds
17,Madimba,TZ,2022-05-22 23:47:37,-10.4,40.3333,72.9,91,7,6.85,clear sky
18,Gat,IL,2022-05-22 23:47:37,31.61,34.7642,66.88,100,1,9.78,clear sky
19,Bonavista,CA,2022-05-22 23:47:38,48.6499,-53.1147,51.01,76,88,14.83,overcast clouds
20,Cockburn Town,TC,2022-05-22 23:47:38,21.4612,-71.1419,80.56,69,40,17.27,scattered clouds
21,Atuona,PF,2022-05-22 23:45:24,-9.8,-139.0333,77.92,79,28,17.74,light rain
22,New Norfolk,AU,2022-05-22 23:45:25,-42.7826,147.0587,52.92,68,63,1.59,broken clouds
23,Prabumulih,ID,2022-05-22 23:47:39,-3.45,104.25,74.3,98,83,1.95,broken clouds
24,Safford,US,2022-05-22 23:47:39,32.834,-109.7076,90.52,9,0,0.0,clear sky
25,Qaqortoq,GL,2022-05-22 23:47:40,60.7167,-46.0333,32.74,97,89,6.15,overcast clouds
26,Rikitea,PF,2022-05-22 23:45:26,-23.1203,-134.9692,75.51,78,13,14.38,light rain
27,Bilibino,RU,2022-05-22 23:47:40,68.0546,166.4372,49.59,54,85,7.09,overcast clouds
28,Ushuaia,AR,2022-05-22 23:43:44,-54.8,-68.3,33.46,80,0,0.0,clear sky
29,Hithadhoo,MV,2022-05-22 23:45:26,-0.6,73.0833,83.77,71,98,13.2,overcast clouds
30,Tuy Hoa,VN,2022-05-22 23:47:41,13.0833,109.3,80.04,78,100,10.65,overcast clouds
31,Vestmannaeyjar,IS,2022-05-22 23:47:20,63.4427,-20.2734,49.6,76,2,4.45,clear sky
32,Geraldton,AU,2022-05-22 23:44:00,-28.7667,114.6,64.81,77,75,14.97,broken clouds
33,Arman,RU,2022-05-22 23:47:42,59.7,150.1667,41.02,97,100,8.81,moderate rain
34,Vallenar,CL,2022-05-22 23:47:42,-28.5708,-70.7581,64.92,42,34,0.81,scattered clouds
35,Hobyo,SO,2022-05-22 23:47:43,5.3505,48.5268,80.08,81,98,27.92,overcast clouds
36,Albany,US,2022-05-22 23:45:28,42.6001,-73.9662,70.21,94,94,13.15,overcast clouds
37,Busselton,AU,2022-05-22 23:45:28,-33.65,115.3333,60.91,71,84,20.69,broken clouds
38,Roebourne,AU,2022-05-22 23:47:43,-20.7833,117.1333,77.41,73,99,6.46,overcast clouds
39,Lebu,CL,2022-05-22 23:45:29,-37.6167,-73.65,50.05,81,100,5.28,overcast clouds
40,Lorengau,PG,2022-05-22 23:45:21,-2.0226,147.2712,85.82,64,98,13.29,overcast clouds
41,Pokhara,NP,2022-05-22 23:47:44,28.2333,83.9833,66.29,77,100,2.86,overcast clouds
42,Malindi,KE,2022-05-22 23:47:35,-3.2175,40.1191,78.87,82,73,14.65,broken clouds
43,Ixtapa,MX,2022-05-22 23:47:45,20.7,-105.2,80.22,74,1,5.01,clear sky
44,Hokitika,NZ,2022-05-22 23:47:45,-42.7167,170.9667,52.93,62,0,1.34,clear sky
45,Bengkulu,ID,2022-05-22 23:45:30,-3.8004,102.2655,76.1,88,32,3.51,scattered clouds
46,Borodino,RU,2022-05-22 23:47:46,55.9106,94.8983,55.72,55,89,8.41,overcast clouds
47,Punta Arenas,CL,2022-05-22 23:45:31,-53.15,-70.9167,33.91,80,40,5.75,scattered clouds
48,Hermanus,ZA,2022-05-22 23:50:53,-34.4187,19.2345,58.89,83,63,7.92,broken clouds
49,Kavieng,PG,2022-05-22 23:50:53,-2.5744,150.7967,84.63,64,36,17.81,scattered clouds
50,Rorvik,NO,2022-05-22 23:50:54,64.8621,11.2373,48.74,85,77,9.84,broken clouds
51,Cape Town,ZA,2022-05-22 23:49:24,-33.9258,18.4232,62.38,87,0,3.0,clear sky
52,Kapaa,US,2022-05-22 23:50:54,22.0752,-159.319,80.11,79,40,11.5,scattered clouds
53,Dunedin,NZ,2022-05-22 23:46:27,-45.8742,170.5036,53.8,50,51,23.0,broken clouds
54,Severo-Yeniseyskiy,RU,2022-05-22 23:50:55,60.3725,93.0408,50.9,71,0,3.0,clear sky
55,Bambous Virieux,MU,2022-05-22 23:50:55,-20.3428,57.7575,75.45,73,40,9.22,scattered clouds
56,Klaksvik,FO,2022-05-22 23:50:56,62.2266,-6.589,47.32,93,36,8.99,scattered clouds
57,Olds,CA,2022-05-22 23:50:56,51.7834,-114.102,60.24,17,94,6.91,overcast clouds
58,Mitsamiouli,KM,2022-05-22 23:50:57,-11.3847,43.2844,78.42,83,79,14.03,light rain
59,Isangel,VU,2022-05-22 23:50:57,-19.55,169.2667,84.31,79,40,2.3,scattered clouds
60,Fairbanks,US,2022-05-22 23:46:21,64.8378,-147.7164,67.96,25,0,16.11,clear sky
61,Bluff,NZ,2022-05-22 23:50:57,-46.6,168.3333,52.07,74,98,30.49,overcast clouds
62,Cabo San Lucas,MX,2022-05-22 23:50:58,22.8909,-109.9124,83.61,67,11,13.44,few clouds
63,Camocim,BR,2022-05-22 23:50:58,-2.9022,-40.8411,76.06,89,46,5.99,scattered clouds
64,Stephenville,US,2022-05-22 23:50:59,32.2207,-98.2023,77.16,47,0,6.91,clear sky
65,Monitos,CO,2022-05-22 23:50:59,8.25,-76.05,79.11,89,80,6.8,broken clouds
66,Chekmagush,RU,2022-05-22 23:51:00,55.1319,54.6556,38.32,78,93,2.53,overcast clouds
67,Avanigadda,IN,2022-05-22 23:51:00,16.0215,80.9181,87.78,55,11,10.02,few clouds
68,La Ronge,CA,2022-05-22 23:51:00,55.1001,-105.2842,66.45,13,75,13.8,broken clouds
69,Sibolga,ID,2022-05-22 23:48:23,1.7427,98.7792,77.43,85,100,2.39,overcast clouds
70,Algeciras,ES,2022-05-22 23:51:01,36.1333,-5.4505,65.88,77,19,14.97,few clouds
71,Yar-Sale,RU,2022-05-22 23:51:01,66.8333,70.8333,34.14,93,99,27.83,overcast clouds
72,Qui Nhon,VN,2022-05-22 23:51:02,13.7667,109.2333,80.04,78,100,6.98,overcast clouds
73,Korem,ET,2022-05-22 23:51:02,12.5058,39.5228,57.97,29,20,1.95,few clouds
74,Cakovec,HR,2022-05-22 23:51:03,46.3844,16.4339,58.01,49,89,0.85,overcast clouds
75,Camalu,MX,2022-05-22 23:48:37,30.85,-116.0667,64.92,61,0,12.64,clear sky
76,Japura,ID,2022-05-22 23:51:03,-0.3167,102.35,75.85,96,86,1.83,overcast clouds
77,Vao,NC,2022-05-22 23:51:04,-22.6667,167.4833,75.11,85,79,14.85,broken clouds
78,George Town,MY,2022-05-22 23:50:11,5.4112,100.3354,80.53,93,20,3.44,few clouds
79,Cayenne,GF,2022-05-22 23:50:45,4.9333,-52.3333,82.09,1,75,1.14,broken clouds
80,Saint-Francois,FR,2022-05-22 23:47:33,46.4154,3.9054,71.04,68,100,8.05,overcast clouds
81,Karratha,AU,2022-05-22 23:51:05,-20.7377,116.8463,77.72,72,99,5.53,light rain
82,Paamiut,GL,2022-05-22 23:51:06,61.994,-49.6678,33.67,89,100,21.56,light snow
83,Hobart,AU,2022-05-22 23:51:06,-42.8794,147.3294,54.27,86,20,11.5,few clouds
84,Bethel,US,2022-05-22 23:51:07,41.3712,-73.414,80.47,78,58,8.5,broken clouds
85,Hof,DE,2022-05-22 23:51:07,50.3167,11.9167,52.45,77,81,3.44,broken clouds
86,Thayetmyo,MM,2022-05-22 23:51:07,19.3167,95.1833,82.08,79,36,8.1,scattered clouds
87,Marzuq,YE,2022-05-22 23:51:08,14.4,46.4667,73.76,17,47,1.03,scattered clouds
88,Zyryanka,RU,2022-05-22 23:51:09,65.75,150.85,55.53,39,98,15.48,overcast clouds
89,Khatanga,RU,2022-05-22 23:46:32,71.9667,102.5,32.4,88,100,8.03,overcast clouds
90,Fort Frances,CA,2022-05-22 23:51:09,48.5999,-93.4003,57.16,39,75,8.05,broken clouds
91,Saint-Philippe,RE,2022-05-22 23:51:10,-21.3585,55.7679,67.59,72,40,9.93,scattered clouds
92,Atambua,ID,2022-05-22 23:52:11,-9.1061,124.8925,79.05,65,13,5.35,few clouds
93,Prince Rupert,CA,2022-05-22 23:51:28,54.3161,-130.3201,53.69,77,0,16.11,clear sky
94,Bredasdorp,ZA,2022-05-22 23:52:11,-34.5322,20.0403,54.86,90,78,4.0,broken clouds
95,Thompson,CA,2022-05-22 23:52:12,55.7435,-97.8558,64.56,20,100,10.36,overcast clouds
96,Carnarvon,AU,2022-05-22 23:52:12,-24.8667,113.6333,70.29,58,31,14.94,scattered clouds
97,Muros,ES,2022-05-22 23:52:12,42.7762,-9.0603,59.68,91,35,2.13,scattered clouds
98,San Prisco,IT,2022-05-22 23:47:41,41.0871,14.2782,66.52,88,0,3.44,clear sky
99,Broome,US,2022-05-22 23:52:13,42.2506,-75.833,59.38,88,100,13.8,overcast clouds
100,Hamilton,US,2022-05-22 23:52:09,39.1834,-84.5333,66.15,66,99,4.0,overcast clouds
101,Nikolskoye,RU,2022-05-22 23:52:14,59.7035,30.7861,45.88,56,30,2.98,scattered clouds
102,Riachao Das Neves,BR,2022-05-22 23:52:14,-11.7461,-44.91,76.64,49,72,0.92,broken clouds
103,Codrington,AU,2022-05-22 23:52:15,-38.2667,141.9667,52.84,65,1,5.06,clear sky
104,Churachandpur,IN,2022-05-22 23:52:15,24.3333,93.6667,65.64,92,27,0.98,scattered clouds
105,Mar Del Plata,AR,2022-05-22 23:52:15,-38.0023,-57.5575,55.94,68,0,5.75,clear sky
106,Cidreira,BR,2022-05-22 23:52:16,-30.1811,-50.2056,59.5,78,99,5.95,overcast clouds
107,Barrow,US,2022-05-22 23:50:02,71.2906,-156.7887,24.82,86,100,10.36,overcast clouds
108,Verkhoyansk,RU,2022-05-22 23:52:16,67.5447,133.385,48.54,65,50,3.83,scattered clouds
109,Kaeo,NZ,2022-05-22 23:52:17,-35.1,173.7833,63.48,61,100,7.45,overcast clouds
110,Sharlyk,RU,2022-05-22 23:52:17,52.9167,54.75,43.38,94,100,10.04,light rain
111,Balaipungut,ID,2022-05-22 23:52:18,1.05,101.2833,76.46,96,99,1.5,overcast clouds
112,Huarmey,PE,2022-05-22 23:52:18,-10.0681,-78.1522,65.39,85,8,7.78,clear sky
113,Tilichiki,RU,2022-05-22 23:52:19,60.4667,166.1,45.97,64,0,3.74,clear sky
114,Kwinana,AU,2022-05-22 23:52:20,-32.25,115.7667,57.49,60,73,26.28,light rain
115,Rocha,UY,2022-05-22 23:51:27,-34.4833,-54.3333,50.67,85,51,5.59,broken clouds
116,Dicabisagan,PH,2022-05-22 23:52:21,17.0818,122.4157,83.1,77,92,5.93,light rain
117,Ribeira Grande,PT,2022-05-22 23:52:21,38.5167,-28.7,64.35,94,100,4.23,light rain
118,Kiruna,SE,2022-05-22 23:48:23,67.8557,20.2251,41.92,81,40,4.61,light rain
119,Airai,TL,2022-05-22 23:52:22,-8.9266,125.4092,66.87,66,45,4.47,scattered clouds
120,Petropavlovsk-Kamchatskiy,RU,2022-05-22 23:52:22,53.0452,158.6483,41.59,100,100,4.47,light intensity shower rain
121,Kjollefjord,NO,2022-05-22 23:52:23,70.9457,27.3465,42.85,86,52,5.46,broken clouds
122,Norman Wells,CA,2022-05-22 23:52:23,65.282,-126.8329,46.44,49,75,4.61,broken clouds
123,Laguna,US,2022-05-22 23:52:23,38.421,-121.4238,92.14,16,0,6.91,clear sky
124,Karabash,RU,2022-05-22 23:52:24,55.4808,60.2157,32.97,96,56,3.96,broken clouds
125,Lata,PT,2022-05-22 23:52:24,40.1629,-8.3327,63.07,90,88,3.56,overcast clouds
126,Avarua,CK,2022-05-22 23:50:13,-21.2078,-159.775,84.25,74,75,10.36,broken clouds
127,Zalesovo,RU,2022-05-22 23:52:25,53.9939,84.7431,52.48,65,56,10.09,broken clouds
128,Jobner,IN,2022-05-22 23:52:25,26.9667,75.3833,87.22,65,0,9.8,clear sky
129,Chokurdakh,RU,2022-05-22 23:52:26,70.6333,147.9167,33.12,100,100,5.68,light snow
130,Baykit,RU,2022-05-22 23:52:26,61.67,96.37,58.57,63,0,1.01,clear sky
131,Hasaki,JP,2022-05-22 23:52:27,35.7333,140.8333,64.29,81,100,12.91,overcast clouds
132,Puerto Leguizamo,CO,2022-05-22 23:52:27,-0.1934,-74.7819,72.72,96,49,1.83,scattered clouds
133,Kamariotissa,GR,2022-05-22 23:52:27,40.4833,25.4667,66.09,82,70,3.13,broken clouds
134,Tautira,PF,2022-05-22 23:52:28,-17.7333,-149.15,79.65,74,22,12.17,light rain
135,Saint-Raphael,HT,2022-05-22 23:52:28,19.4333,-72.2,73.33,89,53,3.31,broken clouds
136,Paderborn,DE,2022-05-22 23:52:28,51.7191,8.7544,57.61,69,0,9.22,clear sky
137,Camacupa,AO,2022-05-22 23:52:29,-12.0167,17.4833,55.13,64,99,3.15,overcast clouds
138,Kodiak,US,2022-05-22 23:53:29,57.79,-152.4072,47.71,81,100,19.57,light rain
139,Puerto Madero,MX,2022-05-22 23:53:30,14.7208,-92.4215,83.41,73,30,2.95,scattered clouds
140,Antalaha,MG,2022-05-22 23:53:30,-14.9003,50.2788,72.14,82,34,6.49,light rain
141,Merauke,ID,2022-05-22 23:53:30,-8.4667,140.3333,83.08,72,22,12.33,few clouds
142,Dikson,RU,2022-05-22 23:53:31,73.5069,80.5464,24.06,89,76,10.47,broken clouds
143,Constitucion,CL,2022-05-22 23:53:31,-35.3333,-72.4167,52.02,92,100,12.68,overcast clouds
144,Ponta Do Sol,PT,2022-05-22 23:53:32,32.6667,-17.1,68.0,78,24,4.14,few clouds
145,Slave Lake,CA,2022-05-22 23:53:32,55.2834,-114.769,60.78,39,0,6.91,clear sky
146,Puerto Ayora,EC,2022-05-22 23:53:32,-0.7393,-90.3518,72.68,86,55,7.76,broken clouds
147,Aliwal North,ZA,2022-05-22 23:53:33,-30.6937,26.7114,47.61,84,17,1.21,few clouds
148,Leca Da Palmeira,PT,2022-05-22 23:53:33,41.191,-8.7003,63.1,93,75,6.91,broken clouds
149,Abu Dhabi,AE,2022-05-22 23:53:33,24.4667,54.3667,82.42,67,0,4.61,clear sky
150,Fortuna,US,2022-05-22 23:53:34,40.5982,-124.1573,59.94,85,100,12.66,overcast clouds
151,Pangnirtung,CA,2022-05-22 23:53:34,66.1451,-65.7125,29.35,98,95,4.45,light snow
152,Tiksi,RU,2022-05-22 23:53:35,71.6872,128.8694,30.45,90,50,4.47,scattered clouds
153,Georgetown,MY,2022-05-22 23:52:42,5.4112,100.3354,80.53,93,20,3.44,few clouds
154,Bealanana,MG,2022-05-22 23:53:35,-14.55,48.7333,59.14,93,82,4.43,broken clouds
155,Uruzgan,AF,2022-05-22 23:53:36,32.8333,66.0,55.2,34,0,6.15,clear sky
156,Saskylakh,RU,2022-05-22 23:53:36,71.9167,114.0833,33.03,93,100,9.22,overcast clouds
157,Beringovskiy,RU,2022-05-22 23:53:36,63.05,179.3167,42.6,73,96,10.8,overcast clouds
158,Lufilufi,WS,2022-05-22 23:53:37,-13.8745,-171.5986,87.58,74,49,17.87,light rain
159,Pilar,BR,2022-05-22 23:53:37,-9.5972,-35.9567,75.13,83,5,4.03,clear sky
160,Srandakan,ID,2022-05-22 23:53:38,-7.9386,110.2506,78.31,83,55,4.59,broken clouds
161,Saldanha,ZA,2022-05-22 23:53:38,-33.0117,17.9442,50.05,89,73,2.64,broken clouds
162,Ancud,CL,2022-05-22 23:53:38,-41.8697,-73.8203,47.79,73,20,16.28,light rain
163,Juigalpa,NI,2022-05-22 23:53:39,12.1063,-85.3645,76.91,88,40,0.0,scattered clouds
164,Narsaq,GL,2022-05-22 23:53:39,60.9167,-46.05,34.41,87,93,6.91,overcast clouds
165,Rawson,AR,2022-05-22 23:53:40,-43.3002,-65.1023,47.59,55,100,16.2,overcast clouds
166,Grand Gaube,MU,2022-05-22 23:53:40,-20.0064,57.6608,75.6,77,3,17.27,clear sky
167,East London,ZA,2022-05-22 23:51:04,-33.0153,27.9116,59.45,83,20,4.79,few clouds
168,Jamestown,US,2022-05-22 23:50:37,42.097,-79.2353,53.24,89,100,6.91,overcast clouds
169,Beloha,MG,2022-05-22 23:53:41,-25.1667,45.05,63.61,94,7,5.23,clear sky
170,Yerbogachen,RU,2022-05-22 23:53:41,61.2767,108.0108,55.13,74,69,3.33,broken clouds
171,Mahebourg,MU,2022-05-22 23:53:41,-20.4081,57.7,75.49,73,40,9.22,scattered clouds
172,At-Bashi,KG,2022-05-22 23:53:42,41.1702,75.8106,39.49,99,100,2.1,overcast clouds
173,Deputatskiy,RU,2022-05-22 23:53:42,69.3,139.9,31.96,95,56,1.86,broken clouds
174,Wajid,SO,2022-05-22 23:53:43,3.8093,43.2471,76.42,70,99,17.56,overcast clouds
175,Coquimbo,CL,2022-05-22 23:53:28,-29.9533,-71.3436,56.93,100,0,4.61,clear sky
176,Santa Cruz,BO,2022-05-22 23:53:43,-17.8,-63.1667,71.65,78,75,9.22,broken clouds
177,Naze,JP,2022-05-22 23:53:43,28.3667,129.4833,70.72,69,100,6.4,overcast clouds
178,Belawan,ID,2022-05-22 23:53:44,3.7755,98.6832,77.29,89,100,2.37,overcast clouds
179,Lehututu,BW,2022-05-22 23:53:44,-23.9667,21.8667,49.68,59,0,4.36,clear sky
180,Fuerte Olimpo,PY,2022-05-22 23:53:45,-21.0415,-57.8738,70.14,40,100,4.9,overcast clouds
181,Namtsy,RU,2022-05-22 23:53:45,62.7161,129.6658,50.29,74,97,3.18,light rain
182,Ferzikovo,RU,2022-05-22 23:53:46,54.5191,36.7567,33.44,89,8,5.12,clear sky
183,Cowra,AU,2022-05-22 23:53:46,-33.8333,148.6833,59.67,64,16,9.93,few clouds
184,Byron Bay,AU,2022-05-22 23:53:46,-28.65,153.6167,60.71,83,84,11.25,light rain
185,Yarmouth,US,2022-05-22 23:53:47,41.7057,-70.2286,68.14,87,0,11.5,clear sky
186,Uryupinsk,RU,2022-05-22 23:54:47,50.8047,42.0138,46.62,95,100,14.0,overcast clouds
187,Magadan,RU,2022-05-22 23:54:47,59.5667,150.8,40.53,95,100,18.81,overcast clouds
188,Kerrobert,CA,2022-05-22 23:54:48,51.9168,-109.1348,59.05,24,73,11.36,broken clouds
189,Lompoc,US,2022-05-22 23:54:48,34.6391,-120.4579,71.74,71,0,20.0,clear sky
190,Richards Bay,ZA,2022-05-22 23:53:56,-28.783,32.0377,62.06,91,100,14.99,moderate rain
191,Ellisras,ZA,2022-05-22 23:54:49,-23.6649,27.7443,48.65,74,10,4.38,clear sky
192,Clyde River,CA,2022-05-22 23:54:50,70.4692,-68.5914,19.63,86,100,23.02,light snow
193,Sosnogorsk,RU,2022-05-22 23:54:50,63.6023,53.8817,31.89,98,100,8.32,snow
194,Pisco,PE,2022-05-22 23:54:50,-13.7,-76.2167,66.02,88,75,8.05,mist
195,Varzob,TJ,2022-05-22 23:54:51,38.7737,68.8178,49.73,82,99,6.26,overcast clouds
196,Guerrero Negro,MX,2022-05-22 23:54:51,27.9769,-114.0611,65.41,62,0,19.08,clear sky
197,Havre-Saint-Pierre,CA,2022-05-22 23:54:52,50.2334,-63.5986,50.36,93,100,14.97,overcast clouds
198,Chuy,UY,2022-05-22 23:53:25,-33.6971,-53.4616,53.22,82,66,5.95,broken clouds
199,Gizo,SB,2022-05-22 23:54:36,-8.103,156.8419,83.52,71,21,5.7,few clouds
200,Shingu,JP,2022-05-22 23:54:52,33.7333,135.9833,74.88,56,1,4.27,clear sky
201,Sijunjung,ID,2022-05-22 23:54:53,-0.6876,100.9537,71.69,85,100,1.39,overcast clouds
202,Baiao,BR,2022-05-22 23:54:53,-2.7906,-49.6717,74.53,88,76,2.51,broken clouds
203,Port Shepstone,ZA,2022-05-22 23:54:53,-30.7414,30.455,61.79,76,86,8.37,overcast clouds
204,Sergach,RU,2022-05-22 23:54:54,55.5308,45.4661,29.53,86,30,5.53,scattered clouds
205,Chitral,PK,2022-05-22 23:54:55,35.8462,71.7858,55.67,59,100,7.36,overcast clouds
206,Souillac,MU,2022-05-22 23:54:55,-20.5167,57.5167,75.58,73,40,9.22,scattered clouds
207,Mehamn,NO,2022-05-22 23:54:55,71.0357,27.8492,39.11,90,89,5.39,overcast clouds
208,Luderitz,NA,2022-05-22 23:54:56,-26.6481,15.1594,59.38,59,16,7.05,few clouds
209,Kungur,RU,2022-05-22 23:54:56,57.4368,56.9593,31.24,91,55,7.02,broken clouds
210,Atasu,KZ,2022-05-22 23:54:56,48.6814,71.6433,45.64,48,0,7.34,clear sky
211,Gayeri,BF,2022-05-22 23:54:57,12.6497,0.4931,79.57,65,100,3.47,moderate rain
212,Vostok,RU,2022-05-22 23:54:57,46.4856,135.8833,58.12,61,70,2.26,broken clouds
213,Monrovia,LR,2022-05-22 23:54:58,6.3005,-10.7969,76.98,88,100,7.78,moderate rain
214,Faya,SA,2022-05-22 23:54:58,18.3851,42.4509,68.11,30,0,1.3,clear sky
215,Salina,US,2022-05-22 23:52:53,38.8403,-97.6114,72.01,31,0,6.91,clear sky
216,San Luis,AR,2022-05-22 23:54:59,-33.295,-66.3356,57.06,43,91,4.85,overcast clouds
217,Bozhou,CN,2022-05-22 23:54:59,33.8772,115.7703,75.72,36,0,4.92,clear sky
218,Aklavik,CA,2022-05-22 23:54:59,68.2191,-135.0107,36.63,55,97,9.75,overcast clouds
219,Sitka,US,2022-05-22 23:54:13,57.0531,-135.33,51.69,71,20,6.91,few clouds
220,Raudeberg,NO,2022-05-22 23:55:00,61.9875,5.1352,53.87,74,100,11.97,light rain
221,Xai-Xai,MZ,2022-05-22 23:55:00,-25.0519,33.6442,63.54,92,100,10.13,overcast clouds
222,Ryotsu,JP,2022-05-22 23:55:01,38.0833,138.4333,59.13,86,97,12.62,light rain
223,San Patricio,US,2022-05-22 23:53:38,28.017,-97.5169,86.72,57,100,10.45,overcast clouds
224,Kampong Thum,KH,2022-05-22 23:55:01,12.7111,104.8887,75.15,95,100,5.1,overcast clouds
225,Nikolsk,RU,2022-05-22 23:55:02,53.7189,46.0712,31.26,95,58,5.57,broken clouds
226,Yagodnoye,RU,2022-05-22 23:55:02,62.55,149.6667,37.74,86,100,3.76,overcast clouds
227,Puerto Carreno,CO,2022-05-22 23:55:02,6.189,-67.4859,78.84,81,99,5.97,moderate rain
228,Grafton,US,2022-05-22 23:55:03,42.207,-71.6856,80.51,93,86,13.04,overcast clouds
229,Vila Velha,BR,2022-05-22 23:52:14,-20.3297,-40.2925,69.75,88,75,4.61,broken clouds
230,Anadyr,RU,2022-05-22 23:55:03,64.75,177.4833,54.1,58,0,8.95,clear sky
231,Leningradskiy,RU,2022-05-22 23:53:58,69.3833,178.4167,37.33,91,96,4.59,overcast clouds
232,Laje,BR,2022-05-22 23:56:04,-10.1833,-40.9667,68.27,68,20,7.85,few clouds
233,Amazar,RU,2022-05-22 23:56:04,53.858,120.875,43.72,95,100,3.36,light rain
234,Ugoofaaru,MV,2022-05-22 23:56:05,5.6667,73.0,83.12,78,61,15.59,broken clouds
235,Port Alfred,ZA,2022-05-22 23:52:38,-33.5906,26.891,59.83,80,61,5.35,broken clouds
236,Esmeraldas,BR,2022-05-22 23:53:55,-19.7625,-44.3139,65.26,63,0,3.33,clear sky
237,Torbay,CA,2022-05-22 23:56:06,47.6666,-52.7314,56.17,64,100,12.66,overcast clouds
238,Arraial Do Cabo,BR,2022-05-22 23:56:06,-22.9661,-42.0278,71.26,71,1,15.32,clear sky
239,Pueblo Bello,CO,2022-05-22 23:56:07,8.2041,-76.526,79.3,95,37,1.54,scattered clouds
240,Oranjemund,NA,2022-05-22 23:56:07,-28.55,16.4333,56.86,70,13,4.45,few clouds
241,Cherskiy,RU,2022-05-22 23:56:07,68.75,161.3,56.75,37,94,17.87,overcast clouds
242,Tuatapere,NZ,2022-05-22 23:56:08,-46.1333,167.6833,50.83,71,55,10.27,broken clouds
243,Ha Giang,VN,2022-05-22 23:52:51,22.8333,104.9833,71.51,99,100,2.86,overcast clouds
244,Ossora,RU,2022-05-22 23:56:08,59.2353,163.0719,40.68,84,50,2.26,scattered clouds
245,Amapa,BR,2022-05-22 23:56:09,1.0,-52.0,71.53,98,82,1.7,broken clouds
246,Usta Muhammad,PK,2022-05-22 23:56:09,28.1794,68.0445,91.31,8,0,7.65,clear sky
247,Chapais,CA,2022-05-22 23:56:10,49.7834,-74.8492,37.18,88,99,7.0,overcast clouds
248,Provideniya,RU,2022-05-22 23:56:10,64.3833,-173.3,51.91,58,0,15.99,clear sky
249,Seinajoki,FI,2022-05-22 23:52:32,62.7945,22.8282,37.98,81,0,2.3,clear sky
250,Araguacu,BR,2022-05-22 23:56:11,-12.9306,-49.8264,69.75,47,1,4.03,clear sky
251,Ust-Tsilma,RU,2022-05-22 23:56:12,65.441,52.1498,30.18,95,100,14.38,snow
252,Mingguang,CN,2022-05-22 23:56:12,32.7802,117.9638,74.62,57,40,7.94,scattered clouds
253,Urumqi,CN,2022-05-22 23:56:13,43.801,87.6005,68.95,43,0,8.95,clear sky
254,Westport,US,2022-05-22 23:56:13,41.1415,-73.3579,81.28,63,38,8.77,scattered clouds
255,Lagoa,PT,2022-05-22 23:56:14,39.05,-27.9833,61.41,93,100,11.92,light rain
256,Shubarshi,KZ,2022-05-22 23:56:14,48.5872,57.1869,56.61,68,99,15.39,overcast clouds
257,Nanortalik,GL,2022-05-22 23:56:14,60.1432,-45.2371,35.17,92,93,8.93,overcast clouds
258,Turayf,SA,2022-05-22 23:56:15,31.6725,38.6637,61.05,48,0,11.5,clear sky
259,Amahai,ID,2022-05-22 23:56:15,-3.3333,128.9167,81.93,78,99,2.57,overcast clouds
260,Governador Valadares,BR,2022-05-22 23:56:16,-18.8511,-41.9494,64.11,68,0,3.04,clear sky
261,Arrecife,ES,2022-05-22 23:56:16,28.963,-13.5477,67.98,77,40,16.11,scattered clouds
262,Mamou,GN,2022-05-22 23:56:17,10.5,-12.0,69.15,95,43,2.8,light rain
263,Olafsvik,IS,2022-05-22 23:56:17,64.8945,-23.7142,43.2,67,0,12.48,clear sky
264,Alamosa,US,2022-05-22 23:56:18,37.4695,-105.87,60.94,33,99,21.63,overcast clouds
265,Svetlogorsk,BY,2022-05-22 23:56:18,52.6333,29.7333,43.27,90,97,6.31,overcast clouds
266,Gyor,HU,2022-05-22 23:51:44,47.6833,17.6351,55.94,82,0,2.3,clear sky
267,Baijiantan,CN,2022-05-22 23:56:19,45.6333,85.1833,70.54,37,100,27.94,overcast clouds
268,Port Elizabeth,ZA,2022-05-22 23:53:05,-33.918,25.5701,53.89,87,0,3.44,clear sky
269,Poum,NC,2022-05-22 23:56:19,-20.2333,164.0167,79.18,80,3,11.83,clear sky
270,Pevek,RU,2022-05-22 23:56:20,69.7008,170.3133,35.73,90,39,8.59,scattered clouds
271,Saint Anthony,US,2022-05-22 23:56:20,45.0205,-93.218,58.78,39,96,3.0,overcast clouds
272,Longyearbyen,SJ,2022-05-22 23:56:20,78.2186,15.6401,35.44,87,75,2.3,broken clouds
273,Lalsot,IN,2022-05-22 23:56:21,26.5667,76.3333,85.91,42,4,7.78,clear sky
274,Chodavaram,IN,2022-05-22 23:56:21,17.8333,82.95,80.44,70,20,3.38,few clouds
275,Alyangula,AU,2022-05-22 23:56:22,-13.8483,136.4192,83.28,63,84,15.03,broken clouds
276,Zhezkazgan,KZ,2022-05-22 23:56:22,47.8043,67.7144,48.74,28,5,9.84,clear sky
277,Umea,SE,2022-05-22 23:52:27,63.8284,20.2597,42.91,93,95,2.3,fog
278,Vardo,NO,2022-05-22 23:57:23,70.3705,31.1107,37.38,93,100,17.27,overcast clouds
279,Matara,LK,2022-05-22 23:57:23,5.9485,80.5353,78.53,91,56,11.16,broken clouds
280,Roald,NO,2022-05-22 23:57:24,62.5833,6.1333,56.32,93,20,4.61,few clouds
281,Krasnogorsk,RU,2022-05-22 23:57:24,55.8225,37.3181,35.96,69,0,6.71,clear sky
282,Mancio Lima,BR,2022-05-22 23:57:25,-7.6142,-72.8958,78.87,83,40,3.44,scattered clouds
283,Saint George,US,2022-05-22 23:57:25,37.1041,-113.5841,87.64,9,94,7.0,overcast clouds
284,Sao Bernardo,BR,2022-05-22 23:57:26,-3.3614,-42.4178,74.1,95,66,1.28,broken clouds
285,Kupang,ID,2022-05-22 23:57:26,-10.1667,123.5833,81.95,69,58,13.22,broken clouds
286,High Level,CA,2022-05-22 23:57:26,58.5169,-117.136,56.91,36,88,5.28,overcast clouds
287,Kalmunai,LK,2022-05-22 23:54:11,7.4167,81.8167,79.09,76,24,4.23,few clouds
288,San Cristobal,VE,2022-05-22 23:57:27,7.7669,-72.225,77.18,76,2,2.84,clear sky
289,Bintulu,MY,2022-05-22 23:57:27,3.1667,113.0333,75.61,100,20,3.44,few clouds
290,Walvis Bay,NA,2022-05-22 23:57:28,-22.9575,14.5053,65.35,32,4,11.5,clear sky
291,Chamrajnagar,IN,2022-05-22 23:57:28,11.9167,76.95,67.3,94,87,2.93,overcast clouds
292,Puerto Baquerizo Moreno,EC,2022-05-22 23:57:29,-0.9,-89.6,72.61,86,90,9.28,overcast clouds
293,Lyubech,UA,2022-05-22 23:57:29,51.7026,30.6569,43.25,94,94,5.55,overcast clouds
294,Venafro,IT,2022-05-22 23:57:30,41.4834,14.0451,69.24,80,7,0.51,clear sky
295,Colares,PT,2022-05-22 23:57:30,38.7992,-9.4469,64.29,76,82,25.01,broken clouds
296,Severo-Kurilsk,RU,2022-05-22 23:57:31,50.6789,156.125,41.09,97,100,16.33,overcast clouds
297,Kazachinskoye,RU,2022-05-22 23:57:31,57.6953,93.2761,54.48,64,13,5.41,few clouds
298,Hilo,US,2022-05-22 23:57:31,19.7297,-155.09,86.29,62,29,7.0,scattered clouds
299,Guanica,PR,2022-05-22 23:57:32,17.9716,-66.908,81.12,82,100,5.03,overcast clouds
300,Rudbar,AF,2022-05-22 23:57:32,30.15,62.6,67.15,28,0,13.6,clear sky
301,Akdepe,TM,2022-05-22 23:57:33,42.0551,59.3788,60.89,46,0,12.08,clear sky
302,Ruteng,ID,2022-05-22 23:57:33,-8.6136,120.4721,66.87,81,29,1.43,scattered clouds
303,Uglegorsk,RU,2022-05-22 23:57:33,49.0833,142.0333,42.84,89,98,8.68,overcast clouds
304,Astana,KZ,2022-05-22 23:56:50,51.1801,71.446,39.15,81,0,13.42,clear sky
305,Garden City,US,2022-05-22 23:53:11,42.3256,-83.331,62.51,52,100,3.0,overcast clouds
306,Kaduqli,SD,2022-05-22 23:57:34,11.0167,29.7167,83.77,24,95,4.03,overcast clouds
307,Yulara,AU,2022-05-22 23:57:35,-25.2406,130.9889,62.08,40,98,9.37,overcast clouds
308,Bageshwar,IN,2022-05-22 23:57:35,29.85,79.7667,60.51,68,4,2.77,clear sky
309,Sucre,BO,2022-05-22 23:53:42,-19.0333,-65.2627,53.83,54,2,3.38,clear sky
310,Tutoia,BR,2022-05-22 23:57:35,-2.7619,-42.2744,76.91,85,86,3.24,overcast clouds
311,Evensk,RU,2022-05-22 23:57:36,61.95,159.2333,41.31,81,99,4.03,overcast clouds
312,Alta Floresta,BR,2022-05-22 23:53:32,-9.8756,-56.0861,70.18,64,2,3.33,clear sky
313,Touros,BR,2022-05-22 23:57:36,-5.1989,-35.4608,75.7,91,20,12.75,few clouds
314,Whitehorse,CA,2022-05-22 23:57:37,60.7161,-135.0538,63.37,16,75,8.05,broken clouds
315,Taoudenni,ML,2022-05-22 23:54:28,22.6783,-3.9836,90.43,10,0,9.84,clear sky
316,Zhigansk,RU,2022-05-22 23:53:50,66.7697,123.3711,45.72,51,60,2.75,broken clouds
317,Seabra,BR,2022-05-22 23:57:38,-12.4186,-41.7703,70.11,50,91,7.85,overcast clouds
318,Adrar,MR,2022-05-22 23:52:41,20.5022,-10.0711,90.95,15,76,7.0,broken clouds
319,Conceicao Da Barra,BR,2022-05-22 23:57:38,-18.5933,-39.7322,68.27,75,17,3.51,few clouds
320,Araouane,ML,2022-05-22 23:57:38,18.9048,-3.5265,86.67,13,0,5.48,clear sky
321,Anchorage,US,2022-05-22 23:56:15,61.2181,-149.9003,69.01,28,0,20.71,clear sky
322,Nyurba,RU,2022-05-22 23:57:39,63.2842,118.3319,58.37,54,81,3.96,broken clouds
323,Malaya Purga,RU,2022-05-22 23:58:39,56.5567,53.0043,30.52,89,69,4.45,broken clouds
324,Batsfjord,NO,2022-05-22 23:58:40,70.6345,29.7185,39.13,93,100,5.75,overcast clouds
325,Ramhormoz,IR,2022-05-22 23:58:40,31.28,49.6035,86.83,9,0,6.26,clear sky
326,Taltal,CL,2022-05-22 23:58:41,-25.4,-70.4833,64.06,67,12,6.26,few clouds
327,Sokna,NO,2022-05-22 23:58:41,60.24,9.9235,52.14,97,94,1.95,overcast clouds
328,Pakenham,AU,2022-05-22 23:58:41,-38.0667,145.4833,53.15,94,0,1.01,clear sky
329,Juneau,US,2022-05-22 23:58:42,58.3019,-134.4197,59.11,100,64,3.0,broken clouds
330,Saint-Denis,FR,2022-05-22 23:58:42,48.9167,2.3333,64.18,76,0,10.36,clear sky
331,Lubao,PH,2022-05-22 23:58:42,14.9167,120.55,80.31,78,99,2.89,overcast clouds
332,Pandan,PH,2022-05-22 23:58:43,14.0453,124.1694,82.81,78,100,5.95,overcast clouds
333,Tshela,CD,2022-05-22 23:58:43,-4.9833,12.9333,67.55,97,67,0.31,broken clouds
334,Upernavik,GL,2022-05-22 23:58:44,72.7868,-56.1549,31.48,85,100,24.58,overcast clouds
335,Shelburne,CA,2022-05-22 23:58:44,44.0787,-80.2041,50.76,79,97,12.82,overcast clouds
336,Temerloh,MY,2022-05-22 23:58:44,3.4483,102.4176,76.84,90,92,0.81,overcast clouds
337,Pizarro,CO,2022-05-22 23:58:45,4.9533,-77.366,79.36,87,92,6.49,moderate rain
338,San Angelo,US,2022-05-22 23:54:07,31.4638,-100.437,81.9,36,5,1.99,clear sky
339,Mandalgovi,MN,2022-05-22 23:58:45,45.7625,106.2708,62.74,24,26,2.44,scattered clouds
340,Medzilaborce,SK,2022-05-22 23:58:46,49.2719,21.9007,50.45,94,30,3.53,scattered clouds
341,Katima Mulilo,NA,2022-05-22 23:58:46,-17.5,24.2667,48.38,51,0,4.99,clear sky
342,Majene,ID,2022-05-22 23:58:47,-3.5403,118.9707,80.28,82,86,8.19,overcast clouds
343,Chebsara,RU,2022-05-22 23:58:47,59.2002,38.8356,29.05,82,80,6.58,broken clouds
344,Los Llanos De Aridane,ES,2022-05-22 23:58:47,28.6585,-17.9182,65.95,89,100,11.5,overcast clouds
345,Atar,MR,2022-05-22 23:58:48,20.5169,-13.0499,88.45,19,44,4.0,scattered clouds
346,Kieta,PG,2022-05-22 23:58:48,-6.2167,155.6333,85.21,63,36,3.65,scattered clouds
347,College,US,2022-05-22 23:57:28,64.8569,-147.8028,67.28,26,0,9.22,clear sky
348,Tura,IN,2022-05-22 23:58:49,25.5198,90.2201,70.7,96,90,5.84,overcast clouds
349,Crotone,IT,2022-05-22 23:58:49,39.0851,17.1178,72.19,71,9,3.71,clear sky
350,Uptar,RU,2022-05-22 23:58:50,59.75,150.9167,34.83,95,100,22.17,overcast clouds
351,Innisfail,AU,2022-05-22 23:58:50,-17.5333,146.0333,75.02,80,83,7.78,broken clouds
352,Ambilobe,MG,2022-05-22 23:58:50,-13.2,49.05,71.76,75,81,4.41,broken clouds
353,Weston,US,2022-05-22 23:57:55,26.1004,-80.3998,83.01,78,81,8.01,broken clouds
354,Faanui,PF,2022-05-22 23:58:51,-16.4833,-151.75,81.07,69,10,14.41,clear sky
355,Shenzhen,CN,2022-05-22 23:58:51,22.5455,114.0683,76.86,93,98,9.13,overcast clouds
356,Muhos,FI,2022-05-22 23:58:52,64.808,25.9931,44.38,64,52,4.32,broken clouds
357,Paranaiba,BR,2022-05-22 23:58:52,-19.6772,-51.1908,63.05,41,0,5.12,clear sky
358,Kimbe,PG,2022-05-22 23:58:52,-5.5502,150.1429,88.23,61,35,0.49,scattered clouds
359,Yatou,CN,2022-05-22 23:58:53,37.15,122.3833,73.69,49,76,10.78,broken clouds
360,Klyuchi,RU,2022-05-22 23:58:53,52.2667,79.1667,52.12,44,80,5.99,broken clouds
361,Nuevo Progreso,MX,2022-05-22 23:58:54,23.1667,-97.95,85.53,66,13,8.99,few clouds
362,Riachao,BR,2022-05-22 23:58:54,-7.3619,-46.6172,77.67,62,76,0.47,broken clouds
363,Najran,SA,2022-05-22 23:58:54,17.4924,44.1277,75.85,14,1,1.99,clear sky
364,Camacha,PT,2022-05-22 23:58:55,33.0833,-16.3333,63.82,68,40,9.22,scattered clouds
365,Harbour Breton,CA,2022-05-22 23:58:55,47.4833,-55.7983,46.83,94,89,6.15,overcast clouds
366,Kikwit,CD,2022-05-22 23:58:55,-5.041,18.8162,71.15,90,78,1.39,light rain
367,Boa Vista,BR,2022-05-22 23:58:41,2.8197,-60.6733,75.18,88,75,1.14,broken clouds
368,General Roca,AR,2022-05-22 23:58:56,-39.0333,-67.5833,54.63,51,100,18.5,overcast clouds
369,Victoria,HK,2022-05-22 23:57:01,22.2855,114.1577,76.96,93,96,13.0,overcast clouds
370,Blora,ID,2022-05-22 23:58:57,-6.9698,111.4186,76.39,90,52,5.46,broken clouds
371,El Paujil,CO,2022-05-22 23:58:57,1.5701,-75.3286,73.54,88,27,1.79,scattered clouds
372,Iquique,CL,2022-05-22 23:57:12,-20.2208,-70.1431,63.93,78,41,4.0,scattered clouds
373,Krasnoselkup,RU,2022-05-22 23:59:58,65.7,82.4667,54.01,68,33,12.82,scattered clouds
374,Krasnyy Yar,RU,2022-05-22 23:59:58,46.5331,48.3456,57.13,82,28,5.95,scattered clouds
375,Bilma,NE,2022-05-22 23:59:58,18.6853,12.9164,85.35,12,75,5.86,broken clouds
376,Senovo,SI,2022-05-22 23:59:59,46.0236,15.4769,66.72,64,100,9.22,overcast clouds
377,Eregli,TR,2022-05-22 23:59:59,37.5133,34.0467,55.17,73,88,5.93,overcast clouds
378,Mehran,IR,2022-05-23 00:00:00,33.1222,46.1646,85.44,11,3,3.65,clear sky
379,Carutapera,BR,2022-05-23 00:00:00,-1.195,-46.02,74.64,92,49,4.34,scattered clouds
380,Kamenka,RU,2022-05-23 00:00:01,51.3223,42.7678,44.1,95,95,10.85,light rain
381,Dubrovnik,HR,2022-05-23 00:00:05,42.6481,18.0922,62.24,94,0,5.75,clear sky
382,Quatre Cocos,MU,2022-05-23 00:00:08,-20.2078,57.7625,71.1,71,16,13.04,few clouds
383,Bedi,IN,2022-05-23 00:00:10,22.5,70.05,83.14,73,37,22.37,scattered clouds
384,Ilhabela,BR,2022-05-23 00:00:12,-23.7781,-45.3581,64.8,83,5,4.16,clear sky
385,Ploiesti,RO,2022-05-23 00:00:12,44.95,26.0167,61.43,67,91,0.72,overcast clouds
386,Fez,MA,2022-05-23 00:00:14,34.0372,-4.9998,62.85,82,0,4.61,clear sky
387,San Quintin,MX,2022-05-23 00:00:15,30.4833,-115.95,64.83,62,0,13.22,clear sky
388,Ha Tinh,VN,2022-05-23 00:00:16,18.3333,105.9,78.93,86,100,3.69,overcast clouds
389,Bongandanga,CD,2022-05-23 00:00:17,1.5,21.05,71.06,97,93,1.74,overcast clouds
390,Ilva Mare,RO,2022-05-23 00:00:17,47.3667,24.9,42.48,94,92,2.15,overcast clouds
391,Pouebo,NC,2022-05-23 00:00:18,-20.4,164.5667,81.18,70,20,10.0,few clouds
392,Portland,US,2022-05-22 23:59:28,45.5234,-122.6762,74.95,33,100,1.99,overcast clouds
393,Stornoway,GB,2022-05-23 00:00:19,58.2093,-6.3865,48.92,97,75,5.75,light rain
394,Borogontsy,RU,2022-05-23 00:00:20,62.6683,131.1683,53.62,45,18,6.11,few clouds
395,Okha,RU,2022-05-23 00:00:21,53.5739,142.9478,35.13,83,100,5.61,overcast clouds
396,Sonoita,MX,2022-05-23 00:00:21,31.85,-112.8333,86.56,12,3,18.48,clear sky
397,Parker,US,2022-05-23 00:00:22,32.7668,-97.8003,69.15,64,47,5.99,scattered clouds
398,Ketchikan,US,2022-05-23 00:00:22,55.3422,-131.6461,53.98,71,100,9.73,overcast clouds
399,Avera,US,2022-05-23 00:00:23,33.194,-82.5271,82.45,50,100,6.91,overcast clouds
400,Waipawa,NZ,2022-05-23 00:00:24,-41.4122,175.5153,53.55,57,65,7.07,broken clouds
401,Imbituba,BR,2022-05-23 00:00:24,-28.24,-48.6703,63.86,99,100,5.75,overcast clouds
402,Toledo,ES,2022-05-23 00:00:25,39.8333,-4.0,59.09,80,2,8.21,clear sky
403,Ikwiriri,TZ,2022-05-23 00:00:25,-7.9562,38.9716,67.82,95,28,2.21,scattered clouds
404,Nouakchott,MR,2022-05-23 00:00:26,18.0858,-15.9785,64.33,91,0,14.92,clear sky
405,Dhidhdhoo,MV,2022-05-23 00:00:26,6.8833,73.1,83.28,78,89,18.03,overcast clouds
406,Bathsheba,BB,2022-05-23 00:00:27,13.2167,-59.5167,79.5,78,100,12.1,overcast clouds
407,Itarema,BR,2022-05-23 00:00:27,-2.9248,-39.9167,75.94,87,25,8.01,scattered clouds
408,Sao Joao Do Piaui,BR,2022-05-23 00:00:28,-8.3581,-42.2467,76.8,54,62,3.98,broken clouds
409,El Tigre,VE,2022-05-23 00:00:28,8.8875,-64.2454,79.65,62,95,9.13,overcast clouds
410,Hambantota,LK,2022-05-23 00:00:29,6.1241,81.1185,79.0,84,93,15.35,overcast clouds
411,Koumac,NC,2022-05-23 00:00:29,-20.5667,164.2833,80.89,73,13,10.47,few clouds
412,Harper,LR,2022-05-23 00:00:30,4.375,-7.7169,75.61,92,100,10.13,light rain
413,Manzhouli,CN,2022-05-23 00:00:30,49.6,117.4333,64.53,39,97,20.78,overcast clouds
414,Labuhan,ID,2022-05-23 00:00:31,-6.8844,112.2051,79.83,83,92,10.58,overcast clouds
415,High Rock,BS,2022-05-23 00:00:31,26.6208,-78.2833,79.38,76,92,13.58,overcast clouds
416,Esperance,AU,2022-05-23 00:00:22,-33.8667,121.9,62.71,77,12,12.28,few clouds
417,Mathathane,BW,2022-05-23 00:01:32,-22.2687,28.7495,54.14,54,0,8.63,clear sky
418,Pamplona,ES,2022-05-23 00:01:32,42.8169,-1.6432,63.99,77,100,12.66,overcast clouds
419,Egvekinot,RU,2022-05-23 00:01:33,66.3167,-179.1667,49.01,45,97,1.14,overcast clouds
420,Mount Gambier,AU,2022-05-23 00:01:33,-37.8333,140.7667,55.13,62,0,4.92,clear sky
421,Lavrentiya,RU,2022-05-23 00:01:34,65.5833,-171.0,40.46,80,100,5.88,overcast clouds
422,Guozhen,CN,2022-05-23 00:01:34,34.3659,107.359,73.45,54,3,0.27,clear sky
423,Ashland,US,2022-05-23 00:00:24,40.8167,-82.2665,63.27,72,96,2.75,overcast clouds
424,Totma,RU,2022-05-23 00:01:35,59.9747,42.7642,31.17,86,100,9.15,light snow
425,Horsham,GB,2022-05-23 00:01:35,51.064,-0.3272,58.01,81,0,3.44,clear sky
426,Horta,PT,2022-05-23 00:01:35,38.5333,-28.6333,63.52,96,100,4.38,light rain
427,Natal,BR,2022-05-23 00:00:48,-5.795,-35.2094,75.43,89,21,11.45,few clouds
428,Mahibadhoo,MV,2022-05-23 00:01:36,3.7833,72.9667,83.19,74,70,12.39,broken clouds
429,Brae,GB,2022-05-23 00:01:36,60.3964,-1.353,50.65,98,100,10.83,light rain
430,Thinadhoo,MV,2022-05-23 00:01:37,0.5333,72.9333,83.21,76,62,13.27,broken clouds
431,Katsuura,JP,2022-05-22 23:58:19,35.1333,140.3,67.17,84,27,4.12,scattered clouds
432,Bowen,AU,2022-05-22 23:56:55,-20.0167,148.2333,74.34,69,99,10.87,overcast clouds
433,Mnogovershinnyy,RU,2022-05-23 00:01:38,53.9353,139.9242,35.98,80,99,4.07,overcast clouds
434,Opuwo,NA,2022-05-23 00:01:38,-18.0607,13.84,54.07,24,2,5.19,clear sky
435,Mahabad,IR,2022-05-23 00:01:38,36.7631,45.7222,61.18,33,50,7.14,scattered clouds
436,Micheweni,TZ,2022-05-23 00:01:39,-4.9667,39.8333,78.28,79,100,11.83,overcast clouds
437,Kibala,TD,2022-05-23 00:01:39,9.1104,18.3463,84.94,40,93,3.49,overcast clouds
438,Kavaratti,IN,2022-05-23 00:01:40,10.5669,72.642,82.78,80,98,18.95,overcast clouds
439,Vrangel,RU,2022-05-23 00:01:40,42.7297,133.0839,55.29,77,30,11.39,scattered clouds
440,Saint-Pierre,RE,2022-05-22 23:58:46,-21.3393,55.4781,67.68,60,0,6.91,clear sky
441,Heilbron,ZA,2022-05-23 00:01:41,-27.2812,27.9709,45.1,87,4,4.38,clear sky
442,Sambava,MG,2022-05-23 00:01:41,-14.2667,50.1667,71.11,86,32,9.62,light rain
443,Ponta Delgada,PT,2022-05-23 00:01:42,37.7333,-25.6667,67.5,100,75,2.3,broken clouds
444,Porto Novo,BJ,2022-05-23 00:00:33,6.4965,2.6036,76.71,87,73,2.95,broken clouds
445,Juliaca,PE,2022-05-23 00:01:42,-15.5,-70.1333,40.51,30,16,4.94,few clouds
446,Kyabe,TD,2022-05-23 00:01:43,9.4515,18.9449,86.52,42,54,3.91,broken clouds
447,Puerto Colombia,CO,2022-05-22 23:58:09,10.9878,-74.9547,82.49,86,19,20.69,few clouds
448,Upington,ZA,2022-05-23 00:01:44,-28.4478,21.2561,56.64,61,84,5.28,broken clouds
449,Severomorsk,RU,2022-05-23 00:01:44,69.0689,33.4162,36.0,67,98,7.31,overcast clouds
450,Jardim,BR,2022-05-23 00:01:45,-21.4803,-56.1381,64.2,49,98,3.0,light rain
451,Cabedelo,BR,2022-05-23 00:01:46,-6.9811,-34.8339,75.87,84,28,14.25,scattered clouds
452,Trairi,BR,2022-05-22 23:57:10,-3.2778,-39.2689,74.35,92,14,5.35,few clouds
453,Killam,CA,2022-05-23 00:01:46,52.7834,-111.8518,60.91,32,92,9.19,overcast clouds
454,Menomonie,US,2022-05-23 00:01:47,44.8755,-91.9193,56.28,66,87,3.78,overcast clouds
455,Port-Cartier,CA,2022-05-23 00:01:47,50.0334,-66.8654,52.02,93,98,8.32,light rain
456,Bouar,CF,2022-05-23 00:01:48,5.934,15.596,65.41,96,78,2.55,broken clouds
457,Inhambane,MZ,2022-05-23 00:01:48,-23.865,35.3833,68.09,95,96,2.64,moderate rain
458,Osmena,PH,2022-05-23 00:01:49,10.5208,119.9258,81.12,82,100,11.23,overcast clouds
459,Coihaique,CL,2022-05-22 23:59:58,-45.5752,-72.0662,35.55,87,100,10.36,overcast clouds
460,Hermosillo,MX,2022-05-22 23:59:17,29.0667,-110.9667,95.85,20,33,13.0,scattered clouds
461,Bubaque,GW,2022-05-23 00:01:49,11.2833,-15.8333,78.22,75,34,15.7,scattered clouds
462,Tara,RU,2022-05-23 00:01:50,56.8944,74.371,44.31,87,59,11.77,broken clouds
463,Karasburg,NA,2022-05-23 00:01:50,-28.0167,18.75,53.65,55,7,5.77,clear sky
464,Waingapu,ID,2022-05-23 00:01:50,-9.6567,120.2641,81.68,74,24,11.72,few clouds
465,Potrerillos,HN,2022-05-23 00:01:51,15.2333,-87.9667,80.67,58,68,6.26,broken clouds
466,Lucapa,AO,2022-05-23 00:02:51,-8.4192,20.7447,70.68,51,97,2.84,overcast clouds
467,Mikhaylovka,RU,2022-05-23 00:02:52,50.06,43.2379,50.79,96,95,8.28,overcast clouds
468,Hofn,IS,2022-05-23 00:02:52,64.2539,-15.2082,45.37,66,64,11.61,broken clouds
469,Hurghada,EG,2022-05-23 00:00:25,27.2574,33.8129,74.44,38,0,23.4,clear sky
470,Oum Hadjer,TD,2022-05-23 00:00:28,13.2954,19.6966,86.68,14,68,12.95,broken clouds
471,Rabo De Peixe,PT,2022-05-23 00:02:53,37.8,-25.5833,66.27,92,75,2.3,broken clouds
472,Las Vegas,US,2022-05-22 23:59:07,36.175,-115.1372,93.61,9,20,5.99,few clouds
473,Kulhudhuffushi,MV,2022-05-23 00:02:53,6.6221,73.07,83.07,78,67,17.43,broken clouds
474,Bam,IR,2022-05-23 00:02:31,29.106,58.357,73.24,13,0,9.4,clear sky
475,Lyantonde,UG,2022-05-23 00:02:54,-0.4031,31.1572,62.15,90,48,1.77,scattered clouds
476,Tecoanapa,MX,2022-05-23 00:02:54,16.5167,-98.75,83.34,66,2,7.4,clear sky
477,Dauphin,CA,2022-05-23 00:02:55,51.1494,-100.0502,57.18,54,46,12.26,scattered clouds
478,Douglas,US,2022-05-22 23:59:32,41.3,-96.167,67.39,34,0,9.22,clear sky
479,Charleville-Mezieres,FR,2022-05-23 00:02:56,49.7667,4.7167,55.54,80,88,3.85,light rain
480,Belmonte,BR,2022-05-23 00:02:56,-15.8631,-38.8828,72.0,82,24,9.17,few clouds
481,Shangqiu,CN,2022-05-23 00:02:56,34.45,115.65,77.09,29,0,6.62,clear sky
482,Kindu,CD,2022-05-23 00:02:57,-2.95,25.95,68.52,99,86,1.61,light rain
483,Mega,ET,2022-05-23 00:02:57,4.05,38.3,61.65,80,99,3.62,moderate rain
484,Jiblah,YE,2022-05-23 00:02:58,13.9216,44.1467,69.04,26,94,4.34,overcast clouds
485,Trincomalee,LK,2022-05-23 00:02:58,8.5711,81.2335,80.96,81,86,19.77,overcast clouds
486,Ballina,AU,2022-05-23 00:02:58,-28.8667,153.5667,61.79,81,61,11.65,light rain
487,Djambala,CG,2022-05-23 00:02:59,-2.5447,14.7533,68.23,90,99,4.16,light rain
488,Cangzhou,CN,2022-05-23 00:02:59,38.3167,116.8667,81.3,35,35,10.65,scattered clouds
489,Iqaluit,CA,2022-05-23 00:00:15,63.7506,-68.5145,25.7,79,94,25.01,overcast clouds
490,Nome,US,2022-05-23 00:03:00,64.5011,-165.4064,64.17,44,0,12.66,clear sky
491,Keflavik,IS,2022-05-23 00:03:01,64.0049,-22.5624,43.23,87,0,13.8,clear sky
492,Cap-Aux-Meules,CA,2022-05-23 00:03:05,47.3821,-61.8597,52.54,95,94,23.15,overcast clouds
493,Alofi,NU,2022-05-23 00:03:06,-19.0595,-169.9187,79.9,72,8,11.07,clear sky
494,Takoradi,GH,2022-05-23 00:03:06,4.8845,-1.7554,74.34,92,100,5.64,overcast clouds
495,Vredendal,ZA,2022-05-23 00:03:07,-31.6683,18.5012,53.71,69,71,0.81,broken clouds
496,Ciudad Bolivar,VE,2022-05-23 00:03:07,8.1222,-63.5497,76.19,85,100,10.11,overcast clouds
497,Providencia,MX,2022-05-23 00:03:08,28.7167,-111.5833,93.2,34,13,12.5,few clouds
498,Filotion,GR,2022-05-23 00:03:08,37.05,25.5,65.19,69,30,1.01,scattered clouds
499,Oussouye,SN,2022-05-23 00:03:09,12.485,-16.5469,74.44,75,86,9.69,overcast clouds
500,Sinnamary,GF,2022-05-23 00:03:09,5.3833,-52.95,76.91,89,97,5.35,overcast clouds
501,Meiganga,CM,2022-05-23 00:03:10,6.5167,14.3,67.64,93,100,0.94,overcast clouds
502,Berdigestyakh,RU,2022-05-23 00:03:10,62.0989,126.6992,52.81,59,15,5.23,few clouds
503,Abalak,RU,2022-05-23 00:03:10,58.1286,68.5944,39.9,91,37,6.87,scattered clouds
504,Jacareacanga,BR,2022-05-23 00:03:11,-6.2222,-57.7528,76.15,69,10,1.14,clear sky
505,Whithorn,JM,2022-05-23 00:03:11,18.2604,-78.0378,80.44,84,99,1.83,overcast clouds
506,Iowa City,US,2022-05-23 00:00:00,41.6611,-91.5302,65.75,38,30,3.0,scattered clouds
507,Rio Grande,BR,2022-05-23 00:03:12,-32.035,-52.0986,57.18,79,1,7.96,clear sky
508,Deori,IN,2022-05-23 00:04:12,21.45,82.6167,86.7,33,69,1.66,broken clouds
509,Ferkessedougou,CI,2022-05-23 00:04:13,9.6,-5.2,72.63,88,99,6.73,overcast clouds
510,Nueva Loja,EC,2022-05-23 00:04:13,0.0847,-76.8828,72.52,97,46,2.53,scattered clouds
511,Sainte-Anne-Des-Monts,CA,2022-05-23 00:04:14,49.124,-66.4924,54.84,97,85,13.4,overcast clouds
512,Massakory,TD,2022-05-23 00:04:14,12.996,15.7293,89.51,14,15,14.14,few clouds
513,Nouadhibou,MR,2022-05-23 00:04:15,20.931,-17.0347,65.68,93,0,20.87,clear sky
514,Sobolevo,RU,2022-05-23 00:04:15,54.4299,31.8996,36.82,80,9,4.59,clear sky
515,Porto-Vecchio,FR,2022-05-23 00:04:15,41.591,9.2795,65.73,94,0,3.44,clear sky
516,Salinas,US,2022-05-23 00:04:01,36.6777,-121.6555,83.21,60,0,12.66,clear sky
517,Paragominas,BR,2022-05-23 00:04:16,-2.9667,-47.4833,73.2,95,62,3.49,broken clouds
518,Poronaysk,RU,2022-05-23 00:04:16,49.2167,143.1167,43.9,91,100,2.59,overcast clouds
519,Acandi,CO,2022-05-23 00:04:17,8.5063,-77.2778,77.97,93,14,5.21,few clouds
520,Tubuala,PA,2022-05-23 00:04:17,9.5167,-79.0333,81.63,81,37,6.91,scattered clouds
521,Erkner,DE,2022-05-23 00:04:18,52.4167,13.75,54.99,87,0,6.91,clear sky
522,Mayo,US,2022-05-23 00:04:18,38.8876,-76.5119,75.4,88,40,7.0,scattered clouds
523,Pringsewu,ID,2022-05-23 00:04:18,-5.3582,104.9744,74.62,94,70,1.79,broken clouds
524,Plettenberg Bay,ZA,2022-05-23 00:04:19,-34.0527,23.3716,59.45,60,89,2.57,overcast clouds
525,Ahipara,NZ,2022-05-23 00:03:51,-35.1667,173.1667,62.91,67,100,11.5,overcast clouds
526,Margate,GB,2022-05-23 00:04:19,51.3813,1.3862,60.31,80,98,1.01,overcast clouds
527,Mpongwe,ZM,2022-05-23 00:04:20,-13.5091,28.155,57.31,62,69,5.48,broken clouds
528,Wuwei,CN,2022-05-23 00:04:20,37.9281,102.6414,65.5,42,19,2.93,few clouds
529,Storsteinnes,NO,2022-05-23 00:04:21,69.2408,19.2344,45.37,100,100,3.87,overcast clouds
530,Polovinnoye,RU,2022-05-23 00:04:21,54.7914,65.9864,41.22,86,35,11.12,scattered clouds
531,Kirakira,SB,2022-05-23 00:04:21,-10.4544,161.9205,85.03,70,45,5.48,scattered clouds
532,Half Moon Bay,US,2022-05-23 00:04:22,37.4636,-122.4286,83.88,64,20,26.46,mist
533,Riohacha,CO,2022-05-23 00:04:23,11.5444,-72.9072,83.34,66,1,15.9,clear sky
534,Necochea,AR,2022-05-23 00:00:14,-38.5473,-58.7368,51.73,55,100,9.51,overcast clouds
535,Catalao,BR,2022-05-23 00:04:23,-18.1658,-47.9464,58.98,61,0,6.38,clear sky
536,Mahenge,TZ,2022-05-23 00:04:23,-8.6833,36.7167,60.08,70,51,2.51,broken clouds
537,Phalaborwa,ZA,2022-05-23 00:04:24,-23.943,31.1411,55.31,90,83,4.23,broken clouds
538,Salalah,OM,2022-05-22 23:59:49,17.0151,54.0924,79.81,83,57,2.42,broken clouds
539,Manakara,MG,2022-05-23 00:04:24,-22.1333,48.0167,65.93,93,12,2.37,few clouds
540,Lasa,IT,2022-05-23 00:04:25,46.6166,10.7002,55.36,83,100,2.35,overcast clouds
541,Caravelas,BR,2022-05-23 00:03:42,-17.7125,-39.2481,69.58,80,15,6.78,few clouds
542,Manzanillo,CU,2022-05-23 00:04:26,20.3433,-77.1167,79.79,76,100,12.44,overcast clouds
543,Birao,CF,2022-05-23 00:04:26,10.2849,22.7882,84.61,35,100,3.38,overcast clouds
544,Soto La Marina,MX,2022-05-23 00:04:26,23.7667,-98.2167,85.77,56,31,13.13,scattered clouds
545,Washougal,US,2022-05-23 00:04:27,45.5826,-122.3534,75.06,33,0,6.91,clear sky
546,Huilong,CN,2022-05-23 00:04:27,31.8111,121.655,72.93,72,99,16.49,overcast clouds
547,Huntingdon,GB,2022-05-23 00:02:29,52.3305,-0.1865,61.27,75,55,1.01,broken clouds
548,Berlevag,NO,2022-05-23 00:04:28,70.8578,29.0864,39.15,81,100,1.14,overcast clouds
549,Kuito,AO,2022-05-23 00:04:28,-12.3833,16.9333,54.34,59,52,3.98,broken clouds
550,Jijiga,ET,2022-05-23 00:04:28,9.35,42.8,63.93,60,69,4.74,broken clouds
551,Beisfjord,NO,2022-05-23 00:04:29,68.3751,17.5988,47.05,97,100,5.64,overcast clouds
552,Minbu,MM,2022-05-23 00:04:29,20.1833,94.8833,83.03,72,14,8.63,few clouds
553,Yuksekova,TR,2022-05-23 00:04:30,37.5736,44.2872,56.95,51,75,3.44,broken clouds
554,Hala,PK,2022-05-23 00:04:30,25.8131,68.4227,84.18,66,0,9.86,clear sky
555,Svetlaya,RU,2022-05-23 00:04:30,46.5389,138.3297,45.03,83,100,7.94,overcast clouds
556,San Policarpo,PH,2022-05-23 00:04:31,12.1791,125.5072,82.31,79,72,9.91,broken clouds
557,Banda Aceh,ID,2022-05-23 00:05:31,5.5577,95.3222,80.78,79,100,13.02,overcast clouds
558,Severinia,BR,2022-05-23 00:05:32,-20.8094,-48.8028,59.41,44,1,5.32,clear sky
559,Mangan,IN,2022-05-23 00:05:32,27.5167,88.5333,68.25,80,90,3.51,overcast clouds
560,Shestakovo,RU,2022-05-23 00:05:32,56.4915,103.96,49.21,71,36,5.21,scattered clouds
561,Atherton,GB,2022-05-23 00:05:33,53.5237,-2.4935,55.06,84,77,3.6,broken clouds
562,Bamora,IN,2022-05-23 00:05:33,24.0552,78.0909,85.12,55,47,8.14,scattered clouds
563,Ust-Omchug,RU,2022-05-23 00:05:34,61.15,149.6333,35.56,99,100,4.52,light rain
564,Savalou,BJ,2022-05-23 00:05:34,7.9281,1.9756,74.98,85,100,3.85,overcast clouds
565,Carauari,BR,2022-05-23 00:02:56,-4.8828,-66.8958,72.86,97,74,0.45,broken clouds
566,Kruisfontein,ZA,2022-05-23 00:03:01,-34.0033,24.7314,54.18,80,98,3.89,overcast clouds
567,Port Blair,IN,2022-05-23 00:03:32,11.6667,92.75,83.07,81,100,22.06,overcast clouds
568,Key West,US,2022-05-23 00:05:25,24.5557,-81.7826,86.0,74,20,19.57,few clouds
569,Aykhal,RU,2022-05-23 00:05:35,66.0,111.5,52.66,59,40,12.19,scattered clouds
570,Lalmohan,BD,2022-05-23 00:05:35,22.3384,90.7419,83.8,80,31,6.85,scattered clouds
571,Carballo,ES,2022-05-23 00:05:36,43.213,-8.691,58.42,94,47,3.65,scattered clouds
572,Saint-Augustin,CA,2022-05-23 00:05:36,51.226,-58.6502,46.13,94,75,8.79,broken clouds
573,Galesong,ID,2022-05-23 00:05:37,-5.3166,119.3661,77.02,77,41,4.23,scattered clouds
574,Villa Guerrero,MX,2022-05-23 00:05:37,18.8667,-99.65,74.82,67,76,7.58,light rain
575,Coleraine,GB,2022-05-23 00:05:37,55.1333,-6.6667,47.64,92,45,8.32,scattered clouds
576,Caernarfon,GB,2022-05-23 00:05:38,53.1413,-4.2702,55.62,45,81,16.11,broken clouds
577,Rosarito,MX,2022-05-23 00:05:38,32.3333,-117.0333,69.64,74,3,12.03,clear sky
578,Timizart,DZ,2022-05-23 00:05:39,36.8,4.2667,73.58,36,5,5.57,clear sky
579,Usogorsk,RU,2022-05-23 00:05:39,63.4106,48.6872,29.05,95,100,11.25,snow
580,Saint-Louis,SN,2022-05-23 00:05:39,16.3333,-15.0,71.37,66,24,14.47,few clouds
581,Kenora,CA,2022-05-23 00:05:40,49.8167,-94.4337,55.78,32,57,11.99,broken clouds
582,Hirara,JP,2022-05-23 00:05:40,24.8,125.2833,77.45,81,96,18.14,light rain
583,Palafrugell,ES,2022-05-23 00:05:41,41.9174,3.1631,69.78,43,53,1.99,broken clouds
584,Tabou,CI,2022-05-23 00:05:41,4.423,-7.3528,75.33,90,100,8.97,overcast clouds
585,Karpathos,GR,2022-05-23 00:05:41,35.507,27.2132,66.16,94,3,19.57,clear sky
586,Marsa Matruh,EG,2022-05-23 00:05:42,31.3525,27.2453,65.23,79,0,13.53,clear sky
587,Talaya,RU,2022-05-23 00:05:42,61.3833,152.75,43.43,71,100,12.1,overcast clouds
588,Zhangjiakou,CN,2022-05-23 00:05:27,40.81,114.8794,71.8,36,89,3.94,overcast clouds
589,Seoul,KR,2022-05-23 00:04:54,37.5683,126.9778,67.44,61,2,3.98,clear sky
590,Dingle,PH,2022-05-23 00:05:43,10.9995,122.6711,83.08,74,98,5.06,overcast clouds
591,Kharp,RU,2022-05-23 00:05:43,66.8014,65.8081,36.16,81,99,25.61,overcast clouds
592,Manta,EC,2022-05-23 00:05:44,-0.95,-80.7333,76.78,78,75,13.8,broken clouds
593,Santa Fe,AR,2022-05-23 00:04:26,-31.6333,-60.7,63.01,76,31,3.0,light rain
594,Turbat,PK,2022-05-23 00:05:44,26.0023,63.044,88.21,11,0,19.28,clear sky
595,Kudahuvadhoo,MV,2022-05-23 00:05:45,2.6708,72.8944,83.07,75,53,11.56,broken clouds
596,Lima,PE,2022-05-23 00:04:50,-12.0432,-77.0282,64.9,76,100,5.75,mist
597,Placerville,US,2022-05-23 00:05:45,38.7296,-120.7986,85.51,21,0,6.91,clear sky
598,Ninghai,CN,2022-05-23 00:05:46,29.2892,121.4247,63.59,96,100,2.86,moderate rain
599,Erie,US,2022-05-23 00:05:46,42.7667,-78.6664,58.19,83,94,6.6,overcast clouds
600,Sisimiut,GL,2022-05-23 00:05:47,66.9395,-53.6735,32.5,97,100,2.86,snow
601,Sola,VU,2022-05-23 00:05:47,-13.8833,167.55,84.87,84,75,0.0,broken clouds
602,Joshimath,IN,2022-05-23 00:05:48,30.5667,79.5667,57.63,81,83,1.77,broken clouds
603,Warmbad,NA,2022-05-23 00:06:48,-28.45,18.7333,56.71,54,7,7.94,clear sky
604,Floriano,BR,2022-05-23 00:03:11,-6.7669,-43.0225,75.7,71,20,4.45,few clouds
605,Sao Filipe,CV,2022-05-23 00:06:48,14.8961,-24.4956,71.82,75,7,5.79,clear sky
606,Sursee,CH,2022-05-23 00:06:49,47.1667,8.1,65.39,93,88,3.44,overcast clouds
607,Talnakh,RU,2022-05-23 00:06:49,69.4865,88.3972,33.21,100,100,5.46,overcast clouds
608,Sarkand,KZ,2022-05-23 00:06:50,45.41,79.9186,53.44,77,100,2.8,overcast clouds
609,Cabras,IT,2022-05-23 00:06:50,39.93,8.5314,72.88,39,0,7.74,clear sky
610,Belaya Gora,RU,2022-05-23 00:06:50,68.5333,146.4167,52.38,51,13,4.25,few clouds
611,Sideropolis,BR,2022-05-23 00:06:51,-28.5978,-49.4244,54.66,87,100,2.3,overcast clouds
612,Santander,ES,2022-05-23 00:06:51,43.4647,-3.8044,60.46,95,75,9.22,broken clouds
613,Mount Isa,AU,2022-05-23 00:06:52,-20.7333,139.5,71.37,56,1,8.05,clear sky
614,Boleslawiec,PL,2022-05-23 00:06:52,51.2642,15.5697,49.82,89,18,3.87,few clouds
615,Tiznit,MA,2022-05-23 00:06:52,29.5833,-9.5,73.27,54,10,1.32,clear sky
616,Goya,AR,2022-05-23 00:06:53,-29.14,-59.2626,56.3,85,0,5.41,clear sky
617,Nemuro,JP,2022-05-23 00:06:53,43.3236,145.575,45.72,96,100,14.97,overcast clouds
618,Coruripe,BR,2022-05-23 00:05:09,-10.1256,-36.1756,75.72,77,16,10.18,few clouds
619,Harnosand,SE,2022-05-23 00:06:54,62.6323,17.9379,39.22,74,44,5.77,scattered clouds
620,Ruidoso,US,2022-05-23 00:06:54,33.3317,-105.673,65.97,37,0,12.66,clear sky
621,Momoxpan,MX,2022-05-23 00:06:55,19.0667,-98.2333,72.82,30,100,6.91,overcast clouds
622,Grindavik,IS,2022-05-23 00:06:55,63.8424,-22.4338,43.27,87,0,13.8,clear sky
623,Vanimo,PG,2022-05-23 00:06:56,-2.6741,141.3028,84.27,70,94,5.95,overcast clouds
624,Lampang,TH,2022-05-23 00:06:56,18.3333,99.5,77.86,85,58,1.92,broken clouds
625,Antalya,TR,2022-05-23 00:04:04,36.7741,30.7178,65.08,76,40,2.3,scattered clouds
626,Seddon,AU,2022-05-23 00:06:56,-37.8068,144.8916,57.76,88,40,6.91,scattered clouds
627,Port Lincoln,AU,2022-05-23 00:06:57,-34.7333,135.8667,62.85,70,63,11.43,broken clouds
628,Halifax,CA,2022-05-23 00:04:36,44.6453,-63.5724,55.69,96,100,3.0,overcast clouds
629,Kautokeino,NO,2022-05-23 00:06:57,69.0125,23.0412,35.04,95,100,0.74,overcast clouds
630,Comodoro Rivadavia,AR,2022-05-23 00:02:44,-45.8667,-67.5,44.46,49,0,4.61,clear sky
631,Banjarmasin,ID,2022-05-23 00:02:07,-3.3244,114.591,77.14,89,88,4.03,overcast clouds
632,Campoverde,PE,2022-05-23 00:06:58,-8.4753,-74.8058,82.09,72,83,1.81,broken clouds
633,Kayerkan,RU,2022-05-23 00:06:59,69.3497,87.7602,32.52,100,100,6.26,overcast clouds
634,Hue,VN,2022-05-23 00:06:33,16.4667,107.6,78.91,94,40,2.3,scattered clouds
635,Jalu,LY,2022-05-23 00:06:59,29.0331,21.5482,69.84,31,0,7.07,clear sky
636,Aylmer,CA,2022-05-23 00:06:59,42.7668,-80.983,57.06,73,100,9.17,overcast clouds
637,Rincon,US,2022-05-23 00:07:00,32.296,-81.2354,79.86,94,100,17.27,thunderstorm
638,The Pas,CA,2022-05-23 00:07:00,53.8251,-101.2541,60.28,35,100,8.61,overcast clouds
639,Forbesganj,IN,2022-05-23 00:07:01,26.3,87.25,77.61,76,96,6.33,overcast clouds
640,Vigrestad,NO,2022-05-23 00:07:01,58.5667,5.7,56.59,83,100,19.04,overcast clouds
641,Elat,IL,2022-05-23 00:07:02,29.5581,34.9482,71.01,49,0,3.38,clear sky
642,Guymon,US,2022-05-23 00:07:02,36.6828,-101.4816,71.6,20,0,13.8,clear sky
643,Havoysund,NO,2022-05-23 00:05:40,70.9963,24.6622,43.03,84,10,2.8,clear sky
644,Linxia,CN,2022-05-23 00:07:03,35.6003,103.2064,59.95,56,80,1.43,broken clouds
645,Sopur,IN,2022-05-23 00:07:03,34.3,74.4667,52.38,86,97,3.31,overcast clouds
646,Gornopravdinsk,RU,2022-05-23 00:07:04,60.05,69.9,40.17,92,88,6.04,overcast clouds
647,Priyutnoye,RU,2022-05-23 00:07:04,46.1011,43.5072,56.03,85,90,10.0,light rain
648,Kosh-Agach,RU,2022-05-23 00:07:05,50.0,88.6667,56.79,47,69,2.64,broken clouds
649,Garelochhead,GB,2022-05-23 00:07:05,56.082,-4.8291,51.01,96,59,3.33,broken clouds
650,Hukuntsi,BW,2022-05-23 00:08:06,-24.0,21.75,50.13,59,1,4.74,clear sky
651,Nokaneng,BW,2022-05-23 00:08:07,-19.6667,22.2667,47.95,51,0,6.51,clear sky
652,Pontes E Lacerda,BR,2022-05-23 00:08:07,-15.2261,-59.3353,68.97,66,36,2.01,scattered clouds
653,Beidao,CN,2022-05-23 00:08:07,34.5686,105.8933,63.7,77,11,2.89,few clouds
654,Gazanjyk,TM,2022-05-23 00:08:08,39.2446,55.5154,68.52,35,4,12.82,clear sky
655,Yakeshi,CN,2022-05-23 00:08:08,49.2833,120.7333,65.46,38,54,18.07,broken clouds
656,Dese,ET,2022-05-23 00:08:09,11.1333,39.6333,56.71,31,15,3.47,few clouds
657,Zarubino,RU,2022-05-23 00:08:09,42.63,131.0922,58.15,66,7,4.97,clear sky
658,Yeppoon,AU,2022-05-23 00:08:10,-23.1333,150.7333,69.58,81,99,16.55,overcast clouds
659,Nadadores,MX,2022-05-23 00:08:10,27.05,-101.6,72.28,88,100,6.91,haze
660,Nichinan,JP,2022-05-23 00:08:10,31.6,131.3667,70.63,64,100,2.64,overcast clouds
661,Rio Gallegos,AR,2022-05-23 00:08:11,-51.6226,-69.2181,39.25,52,0,13.8,clear sky
662,Noumea,NC,2022-05-23 00:08:11,-22.2763,166.4572,79.0,99,30,13.38,scattered clouds
663,Kazanskaya,RU,2022-05-23 00:08:12,45.4106,40.4361,53.64,97,99,7.96,overcast clouds
664,Quelimane,MZ,2022-05-23 00:08:12,-17.8786,36.8883,70.93,97,15,4.92,few clouds
665,The Valley,AI,2022-05-23 00:08:13,18.217,-63.0578,80.82,75,14,16.58,few clouds
666,Tambo,PE,2022-05-23 00:08:13,-14.8,-73.9167,33.31,53,20,1.14,few clouds
667,Bjornevatn,NO,2022-05-23 00:08:13,69.6672,29.9847,37.74,100,100,4.61,overcast clouds
668,Mwinilunga,ZM,2022-05-23 00:08:14,-11.7358,24.4293,55.11,66,79,3.69,broken clouds
669,Huainan,CN,2022-05-23 00:08:14,32.6264,116.9969,75.94,59,6,6.76,clear sky
670,Kontagora,NG,2022-05-23 00:08:15,10.3999,5.4695,78.12,76,98,5.99,overcast clouds
671,Charyshskoye,RU,2022-05-23 00:08:15,51.3978,83.5598,53.38,68,100,3.71,light rain
